,Metric,Value
0,Annual Return,0.3414893586620873
1,Volatility,0.2301946995407483
2,Sharpe Ratio,1.483480546439072
3,Max Drawdown,-0.07835816136376417
