,Metric,Value
0,Annual Return,0.07170507789399072
1,Volatility,0.17065843376805842
2,Sharpe Ratio,0.42016720950014674
3,Max Drawdown,-0.09192740559101231
